<?xml version="1.0" encoding="UTF-8"?>

<!DOCTYPE hibernate-configuration PUBLIC
	"-//Hibernate/Hibernate Configuration DTD 3.0//EN"
	"http://www.hibernate.org/dtd/hibernate-configuration-3.0.dtd">
	
	<hibernate-configuration>
		<session-factory>
			<property name="connection.driver_class">org.postgresql.Driver</property>
			<property name="connection.url">jdbc:postgresql://localhost:5432/himanshudb</property>
			<property name="connection.username">postgres</property>
			<property name="connection.password">root</property>
			<property name="dialect">org.hibernate.dialect.PostgreSQLDialect</property>
			<property name="hbm2ddl.auto">update</property>
		<!-- <property name="hbm2ddl.auto">create</property> -->
			<property name="show_sql">true</property>
			<mapping class="com.bean.Employee"/>
		</session-factory>
	</hibernate-configuration>